<?xml version="1.0"?>

<!--
PMD rulesets for the Tea project.

For information on configuring PMD rule sets see
http://pmd.sourceforge.net/howtomakearuleset.html
-->


<ruleset name="Tea PMD ruleset"
    xmlns="http://pmd.sourceforge.net/ruleset/2.0.0"
    xmlns:xsi="http://www.w3.org/2001/XMLSchema-instance"
    xsi:schemaLocation="http://pmd.sourceforge.net/ruleset/2.0.0 http://pmd.sourceforge.net/ruleset_2_0_0.xsd">

  <description>PMD rule set for Java code in the Tea project.</description>


  <!--
     See https://pmd.github.io/pmd-5.3.5/pmd-java/rules/index.html
     for a description of available rulesets and rules.
  -->

  <rule ref="rulesets/java/basic.xml"/>


  <rule ref="rulesets/java/empty.xml">
    <exclude name="EmptyCatchBlock" /> <!-- Needs config. -->
  </rule>


  <rule ref="rulesets/java/empty.xml/EmptyCatchBlock">
    <properties>
      <!-- Allow empty catch blocks as long has they have a comment. -->
      <property name="allowCommentedBlocks" value="true" />
    </properties>
  </rule>


  <rule ref="rulesets/java/braces.xml" />


  <rule ref="rulesets/java/coupling.xml">
    <exclude name="LoosePackageCoupling" /> <!-- Too confusing. -->
    <exclude name="LawOfDemeter" /> <!-- Too much noise. -->
  </rule>


  <rule ref="rulesets/java/design.xml">
    <exclude name="ConfusingTernary" /> <!-- Me not like it. -->
    <exclude name="ImmutableField" /> <!-- Me not like it. -->
    <exclude name="AccessorClassGeneration" /> <!-- No warning needed. -->
  </rule>


  <rule ref="rulesets/java/imports.xml">
    <exclude name="ImportFromSamePackage" /> <!-- Me not like it. -->
  </rule>


  <rule ref="rulesets/java/naming.xml">
    <exclude name="ShortVariable" /> <!-- Me not like it. -->
    <exclude name="LongVariable" /> <!-- Me not like it. -->
    <exclude name="VariableNamingConventions" /> <!-- Needs config. -->
  </rule>

  <rule ref="rulesets/java/naming.xml/VariableNamingConventions">
    <properties>
      <property name="memberPrefix" value="_" />
      <property name="staticPrefix" value="_" />
    </properties>
  </rule>


  <rule ref="rulesets/java/strictexception.xml" />


  <rule ref="rulesets/java/strings.xml" />


  <rule ref="rulesets/java/unusedcode.xml" />

</ruleset>
